{
  "pf_values": [
    0.0,
    0.2,
    0.4,
    0.6,
    0.8,
    1.0
  ],
  "overexposure_rates": {
    "10": [
      0.1,
      0.6799999999999999,
      0.75,
      0.6399999999999999,
      0.68,
      0.6900000000000001
    ],
    "20": [
      0.1,
      0.7,
      0.755,
      0.6950000000000001,
      0.72,
      0.745
    ]
  },
  "precision_values": {
    "10": [
      0.0,
      0.0,
      0.0,
      0.0,
      0.0,
      0.0
    ],
    "20": [
      0.0,
      0.0,
      0.0,
      0.0,
      0.0,
      0.0
    ]
  },
  "avg_rank": [
    55.857142857142854,
    52.962281212987364,
    52.02876427861165,
    51.720173764870516,
    53.17533880813927,
    51.48402428076018
  ]
}