{
  "our_method": {
    "synthetic": {
      "precision@5": 0.016,
      "precision@10": 0.032,
      "precision@20": 0.024,
      "precision@50": 0.0252,
      "precision@100": 0.029600000000000005,
      "ndcg@5": 0.9999999999999999,
      "ndcg@10": 1.0,
      "ndcg@20": 0.7861888791875714,
      "ndcg@50": 0.5760703488432387,
      "ndcg@100": 0.4621990756308804,
      "mrr": 0.09337613755148476,
      "modality_balance": 1.0,
      "latency": 0.014771304130554198
    },
    "flickr30k": {
      "precision@5": 0.018000000000000002,
      "precision@10": 0.01,
      "precision@20": 0.008,
      "precision@50": 0.0076,
      "precision@100": 0.0058000000000000005,
      "ndcg@5": 0.9999999999999999,
      "ndcg@10": 0.8300640380468337,
      "ndcg@20": 0.6473849350231419,
      "ndcg@50": 0.47728071503248065,
      "ndcg@100": 0.3921735650640711,
      "mrr": 0.0732663889720064,
      "modality_balance": 1.0,
      "latency": 0.04878533601760864
    }
  },
  "raw_cosine": {
    "synthetic": {
      "precision@5": 0.032,
      "precision@10": 0.036000000000000004,
      "precision@20": 0.03,
      "precision@50": 0.028399999999999998,
      "precision@100": 0.028999999999999998,
      "ndcg@5": 0.9999999999999999,
      "ndcg@10": 1.0,
      "ndcg@20": 0.7837599102926304,
      "ndcg@50": 0.5787360366823963,
      "ndcg@100": 0.46975837584134994,
      "mrr": 0.1392362507686783,
      "modality_balance": 1.0,
      "latency": 0.0006778049468994141
    },
    "flickr30k": {
      "precision@5": 0.022000000000000002,
      "precision@10": 0.013000000000000003,
      "precision@20": 0.012000000000000002,
      "precision@50": 0.0078000000000000005,
      "precision@100": 0.006100000000000001,
      "ndcg@5": 0.9999999999999999,
      "ndcg@10": 0.8308059049071451,
      "ndcg@20": 0.6465593253250519,
      "ndcg@50": 0.4827005184154296,
      "ndcg@100": 0.3967615861826756,
      "mrr": 0.0805519153227801,
      "modality_balance": 1.0,
      "latency": 0.0036846518516540526
    }
  },
  "l2_normalized": {
    "synthetic": {
      "precision@5": 0.032,
      "precision@10": 0.036000000000000004,
      "precision@20": 0.03,
      "precision@50": 0.028399999999999998,
      "precision@100": 0.028999999999999998,
      "ndcg@5": 0.9999999999999999,
      "ndcg@10": 1.0,
      "ndcg@20": 0.7837599102926304,
      "ndcg@50": 0.5787360366823963,
      "ndcg@100": 0.46975837584134994,
      "mrr": 0.1392362507686783,
      "modality_balance": 1.0,
      "latency": 0.0014225530624389648
    },
    "flickr30k": {
      "precision@5": 0.022000000000000002,
      "precision@10": 0.013000000000000003,
      "precision@20": 0.012000000000000002,
      "precision@50": 0.0078000000000000005,
      "precision@100": 0.006100000000000001,
      "ndcg@5": 0.9999999999999999,
      "ndcg@10": 0.8308059049071451,
      "ndcg@20": 0.6465593253250519,
      "ndcg@50": 0.4827005184154296,
      "ndcg@100": 0.3967615861826756,
      "mrr": 0.0805519153227801,
      "modality_balance": 1.0,
      "latency": 0.0060802030563354495
    }
  },
  "standard_scaled": {
    "synthetic": {
      "precision@5": 0.04,
      "precision@10": 0.034,
      "precision@20": 0.029000000000000005,
      "precision@50": 0.0292,
      "precision@100": 0.028600000000000004,
      "ndcg@5": 0.9999999999999999,
      "ndcg@10": 1.0,
      "ndcg@20": 0.7824209449787208,
      "ndcg@50": 0.5736317758817271,
      "ndcg@100": 0.46561418293894924,
      "mrr": 0.11261131740026632,
      "modality_balance": 1.0,
      "latency": 0.002067742347717285
    },
    "flickr30k": {
      "precision@5": 0.020000000000000004,
      "precision@10": 0.014000000000000002,
      "precision@20": 0.011500000000000002,
      "precision@50": 0.0078000000000000005,
      "precision@100": 0.005900000000000001,
      "ndcg@5": 0.9999999999999999,
      "ndcg@10": 0.8297988873180953,
      "ndcg@20": 0.6471785325986192,
      "ndcg@50": 0.4827005184154296,
      "ndcg@100": 0.3970515758676194,
      "mrr": 0.0789876440411099,
      "modality_balance": 1.0,
      "latency": 0.009230425357818603
    }
  },
  "min_max_scaled": {
    "synthetic": {
      "precision@5": 0.05600000000000001,
      "precision@10": 0.038000000000000006,
      "precision@20": 0.028000000000000004,
      "precision@50": 0.026799999999999997,
      "precision@100": 0.0194,
      "ndcg@5": 0.9999999999999999,
      "ndcg@10": 1.0,
      "ndcg@20": 0.7882933258444667,
      "ndcg@50": 0.5838546665817707,
      "ndcg@100": 0.48663654144021457,
      "mrr": 0.14406715306047516,
      "modality_balance": 1.0,
      "latency": 0.0015923500061035157
    },
    "flickr30k": {
      "precision@5": 0.018000000000000002,
      "precision@10": 0.011000000000000001,
      "precision@20": 0.009500000000000001,
      "precision@50": 0.007000000000000001,
      "precision@100": 0.0054,
      "ndcg@5": 0.9999999999999999,
      "ndcg@10": 0.8311728231545689,
      "ndcg@20": 0.6484005934909323,
      "ndcg@50": 0.481464725498654,
      "ndcg@100": 0.3961963450034697,
      "mrr": 0.06845192842858892,
      "modality_balance": 1.0,
      "latency": 0.00669541597366333
    }
  },
  "robust_scaled": {
    "synthetic": {
      "precision@5": 0.032,
      "precision@10": 0.036000000000000004,
      "precision@20": 0.031000000000000007,
      "precision@50": 0.0288,
      "precision@100": 0.0296,
      "ndcg@5": 0.9999999999999999,
      "ndcg@10": 1.0,
      "ndcg@20": 0.7828321678306218,
      "ndcg@50": 0.5764166710825741,
      "ndcg@100": 0.46838980289039883,
      "mrr": 0.1275691788960655,
      "modality_balance": 1.0,
      "latency": 0.01880183696746826
    },
    "flickr30k": {
      "precision@5": 0.018000000000000002,
      "precision@10": 0.014000000000000002,
      "precision@20": 0.011000000000000001,
      "precision@50": 0.008,
      "precision@100": 0.005900000000000001,
      "ndcg@5": 0.9999999999999999,
      "ndcg@10": 0.8279642960809759,
      "ndcg@20": 0.6457337156269621,
      "ndcg@50": 0.48013429312841405,
      "ndcg@100": 0.3946349951597541,
      "mrr": 0.07780419254645118,
      "modality_balance": 1.0,
      "latency": 0.0694663143157959
    }
  }
}