{
  "pf_values": [
    0.0,
    0.1,
    0.2,
    0.3,
    0.4,
    0.5,
    0.6,
    0.7,
    0.8,
    0.9,
    1.0
  ],
  "overexposure_rates": {
    "10": [
      0.0,
      0.9099999999999999,
      0.96,
      0.99,
      0.96,
      0.93,
      0.9800000000000001,
      0.97,
      0.95,
      0.95,
      0.99
    ],
    "20": [
      0.05,
      0.9199999999999999,
      0.9800000000000001,
      0.99,
      0.9800000000000001,
      0.95,
      0.975,
      0.96,
      0.9550000000000001,
      0.9550000000000001,
      0.99
    ],
    "50": [
      0.14000000000000004,
      0.924,
      0.9560000000000001,
      0.9860000000000001,
      0.986,
      0.938,
      0.9739999999999999,
      0.96,
      0.968,
      0.9559999999999998,
      0.99
    ]
  },
  "precision_values": {
    "10": [
      0.0,
      0.0,
      0.0,
      0.0,
      0.0,
      0.0,
      0.0,
      0.0,
      0.0,
      0.0,
      0.0
    ],
    "20": [
      0.0,
      0.0,
      0.0,
      0.0,
      0.0,
      0.0,
      0.0,
      0.0,
      0.0,
      0.0,
      0.0
    ],
    "50": [
      0.0,
      0.0,
      0.0,
      0.0,
      0.0,
      0.0,
      0.0,
      0.002,
      0.0,
      0.0,
      0.0
    ]
  },
  "avg_rank": [
    60.0,
    50.72161420534318,
    50.37236753273029,
    50.062226099958686,
    50.22959816466992,
    50.192006289981165,
    50.25143786393385,
    50.374571465929755,
    50.67864656207807,
    50.461040357045945,
    50.32971677866957
  ]
}