{
  "sizes": [
    1000,
    5000,
    10000,
    20000
  ],
  "build_times": [
    0.0004799365997314453,
    0.0017948150634765625,
    0.005351066589355469,
    0.010454177856445312
  ],
  "query_times": [
    0.014242744445800782,
    0.05340192317962646,
    0.16585450172424315,
    0.33357460498809816
  ],
  "memory_usage": [
    2.288818359375,
    11.444091796875,
    22.88818359375,
    45.7763671875
  ]
}